model,dt,seed,cycles,completeCycles,availableHeadways,meanOfMeanHeadway,availableStartups,meanStartupLostTime,runClamps
prototype,0.1,42,90,87,30,2.048889,30,0.218889,7
prototype,0.1,43,90,87,25,2.041333,25,0.137333,6
prototype,0.1,44,90,87,33,2.063636,33,-0.027273,3
prototype,0.1,45,90,87,33,2.047475,33,0.059596,7
prototype,0.1,46,90,87,37,2.063063,37,0.011712,5
prototype,0.1,47,90,87,31,2.055914,31,0.210753,8
prototype,0.1,48,90,87,32,2.036458,32,0.089583,6
prototype,0.1,49,90,87,25,2.069333,25,-0.066667,2
prototype,0.1,50,90,87,33,2.033333,33,0.330303,9
prototype,0.1,51,90,87,27,2.070370,27,-0.077778,1
prototype,0.1,52,90,87,30,2.033333,30,0.166667,7
prototype,0.1,53,90,87,30,2.058889,30,-0.004444,4
prototype,0.1,54,90,87,37,2.027928,37,0.163063,6
prototype,0.1,55,90,87,33,2.023232,33,0.165657,4
prototype,0.1,56,90,87,30,2.043333,30,0.080000,5
prototype,0.1,57,90,87,30,2.034444,30,0.194444,5
prototype,0.1,58,90,87,36,2.032407,36,0.207407,8
prototype,0.1,59,90,87,35,2.039048,35,0.304762,11
prototype,0.1,60,90,87,30,2.046667,30,-0.040000,4
prototype,0.1,61,90,87,33,2.057576,33,0.145455,10
prototype,0.1,62,90,87,30,2.036667,30,0.266667,8
prototype,0.1,63,90,87,26,2.038462,26,0.023077,3
prototype,0.1,64,90,87,26,2.041026,26,0.325641,7
prototype,0.1,65,90,87,32,2.044792,32,0.232292,6
prototype,0.1,66,90,87,29,2.043678,29,0.064368,4
prototype,0.1,67,90,87,36,2.039815,36,0.334259,11
prototype,0.1,68,90,87,28,2.032143,28,0.246429,5
prototype,0.1,69,90,87,24,2.061111,24,0.031944,4
prototype,0.1,70,90,87,27,2.049383,27,0.193827,5
prototype,0.1,71,90,87,28,2.051190,28,-0.102381,3
prototype,0.1,72,90,87,27,2.065432,27,-0.071605,5
prototype,0.1,73,90,87,26,2.052564,26,0.017949,7
prototype,0.1,74,90,87,27,2.046914,27,-0.104938,2
prototype,0.1,75,90,87,28,2.044048,28,0.126190,6
prototype,0.1,76,90,87,33,2.043434,33,0.019192,4
prototype,0.1,77,90,87,28,2.039286,28,0.196429,8
prototype,0.1,78,90,87,29,2.036782,29,0.098851,4
prototype,0.1,79,90,87,27,2.053086,27,0.049383,5
prototype,0.1,80,90,87,29,2.044828,29,-0.055172,1
prototype,0.1,81,90,87,31,2.036559,31,-0.044086,4
prototype,0.25,42,90,87,32,2.049479,32,0.096354,3
prototype,0.25,43,90,87,25,2.066667,25,0.076667,5
prototype,0.25,44,90,87,35,2.066667,35,0.073810,5
prototype,0.25,45,90,87,35,2.052381,35,0.173810,12
prototype,0.25,46,90,87,34,2.066176,34,0.080882,6
prototype,0.25,47,90,87,30,2.063889,30,0.205556,6
prototype,0.25,48,90,87,30,2.058333,30,0.050000,7
prototype,0.25,49,90,87,30,2.077778,30,-0.055556,3
prototype,0.25,50,90,87,34,2.056373,34,0.188725,9
prototype,0.25,51,90,87,26,2.080128,26,0.099359,5
prototype,0.25,52,90,87,31,2.067204,31,0.043011,4
prototype,0.25,53,90,87,25,2.076667,25,-0.023333,2
prototype,0.25,54,90,87,35,2.069048,35,0.076190,5
prototype,0.25,55,90,87,37,2.054054,37,0.040541,6
prototype,0.25,56,90,87,30,2.069444,30,-0.038889,2
prototype,0.25,57,90,87,31,2.083333,31,0.018817,5
prototype,0.25,58,90,87,30,2.069444,30,0.111111,11
prototype,0.25,59,90,87,35,2.061905,35,0.397619,10
prototype,0.25,60,90,87,28,2.059524,28,0.139881,5
prototype,0.25,61,90,87,28,2.062500,28,0.276786,7
prototype,0.25,62,90,87,28,2.065476,28,0.056548,4
prototype,0.25,63,90,87,28,2.044643,28,0.116071,6
prototype,0.25,64,90,87,30,2.066667,30,-0.033333,1
prototype,0.25,65,90,87,36,2.071759,36,0.009259,5
prototype,0.25,66,90,87,27,2.046296,27,0.129630,4
prototype,0.25,67,90,87,35,2.057143,35,0.285714,9
prototype,0.25,68,90,87,31,2.051075,31,0.123656,4
prototype,0.25,69,90,87,33,2.053030,33,0.090909,4
prototype,0.25,70,90,87,26,2.067308,26,0.153846,4
prototype,0.25,71,90,87,24,2.083333,24,-0.062500,2
prototype,0.25,72,90,87,24,2.062500,24,0.250000,7
prototype,0.25,73,90,87,33,2.085859,33,-0.012626,7
prototype,0.25,74,90,87,27,2.070988,27,-0.040123,3
prototype,0.25,75,90,87,25,2.063333,25,-0.046667,3
prototype,0.25,76,90,87,32,2.062500,32,0.140625,7
prototype,0.25,77,90,87,23,2.065217,23,0.391304,9
prototype,0.25,78,90,87,25,2.043333,25,0.133333,3
prototype,0.25,79,90,87,26,2.070513,26,0.080128,8
prototype,0.25,80,90,87,23,2.065217,23,0.010870,4
prototype,0.25,81,90,87,26,2.051282,26,0.012821,2
prototype,0.5,42,90,87,28,2.130952,28,-0.011905,2
prototype,0.5,43,90,87,27,2.123457,27,-0.135802,1
prototype,0.5,44,90,87,33,2.136364,33,-0.030303,2
prototype,0.5,45,90,87,29,2.114943,29,0.235632,10
prototype,0.5,46,90,87,36,2.120370,36,-0.018519,5
prototype,0.5,47,90,87,29,2.114943,29,0.235632,8
prototype,0.5,48,90,87,29,2.114943,29,0.045977,8
prototype,0.5,49,90,87,28,2.125000,28,0.178571,7
prototype,0.5,50,90,87,36,2.134259,36,-0.115741,2
prototype,0.5,51,90,87,33,2.101010,33,0.146465,5
prototype,0.5,52,90,87,29,2.143678,29,-0.063218,3
prototype,0.5,53,90,87,29,2.143678,29,-0.063218,4
prototype,0.5,54,90,87,32,2.109375,32,0.093750,5
prototype,0.5,55,90,87,31,2.145161,31,-0.129032,10
prototype,0.5,56,90,87,28,2.130952,28,0.023810,4
prototype,0.5,57,90,87,29,2.166667,29,-0.109195,6
prototype,0.5,58,90,87,29,2.103448,29,0.137931,5
prototype,0.5,59,90,87,31,2.134409,31,-0.010753,7
prototype,0.5,60,90,87,27,2.117284,27,0.043210,8
prototype,0.5,61,90,87,37,2.108108,37,0.378378,11
prototype,0.5,62,90,87,24,2.125000,24,0.125000,6
prototype,0.5,63,90,87,27,2.104938,27,0.123457,6
prototype,0.5,64,90,87,25,2.120000,25,0.100000,6
prototype,0.5,65,90,87,35,2.114286,35,0.071429,5
prototype,0.5,66,90,87,31,2.129032,31,-0.145161,5
prototype,0.5,67,90,87,32,2.114583,32,0.036458,5
prototype,0.5,68,90,87,29,2.137931,29,-0.206897,3
prototype,0.5,69,90,87,23,2.101449,23,0.427536,8
prototype,0.5,70,90,87,31,2.102151,31,0.118280,7
prototype,0.5,71,90,87,22,2.143939,22,-0.128788,6
prototype,0.5,72,90,87,25,2.126667,25,0.066667,4
prototype,0.5,73,90,87,35,2.119048,35,-0.023810,4
prototype,0.5,74,90,87,29,2.114943,29,0.114943,11
prototype,0.5,75,90,87,29,2.132184,29,0.063218,8
prototype,0.5,76,90,87,28,2.107143,28,0.196429,11
prototype,0.5,77,90,87,28,2.107143,28,0.160714,6
prototype,0.5,78,90,87,25,2.100000,25,0.120000,8
prototype,0.5,79,90,87,29,2.120690,29,0.000000,4
prototype,0.5,80,90,87,26,2.102564,26,0.044872,5
prototype,0.5,81,90,87,26,2.115385,26,0.134615,6
w74,0.1,42,90,87,34,3.140196,34,-0.871569,6
w74,0.1,43,90,87,31,3.097849,31,-0.689247,10
w74,0.1,44,90,87,43,3.151938,43,-0.613178,9
w74,0.1,45,90,87,36,3.128704,36,-0.574074,15
w74,0.1,46,90,87,38,3.132456,38,-0.149123,16
w74,0.1,47,90,87,35,3.121905,35,-0.198095,15
w74,0.1,48,90,87,37,3.102703,37,-0.605405,9
w74,0.1,49,90,87,34,3.158824,34,-0.755882,10
w74,0.1,50,90,87,29,3.124138,29,-0.927586,9
w74,0.1,51,90,87,35,3.147619,35,-0.618095,9
w74,0.1,52,90,87,30,3.111111,30,-0.468889,10
w74,0.1,53,90,87,28,3.110714,28,-0.271429,15
w74,0.1,54,90,87,36,3.129630,36,-0.789815,10
w74,0.1,55,90,87,34,3.071569,34,-0.578431,9
w74,0.1,56,90,87,33,3.146465,33,-0.762626,9
w74,0.1,57,90,87,41,3.089431,41,-0.617886,9
w74,0.1,58,90,87,37,3.118018,37,-0.719820,10
w74,0.1,59,90,87,39,3.121368,39,-0.281197,15
w74,0.1,60,90,87,32,3.118750,32,-0.962500,7
w74,0.1,61,90,87,36,3.137963,36,-0.628704,14
w74,0.1,62,90,87,32,3.090625,32,-0.512500,10
w74,0.1,63,90,87,32,3.103125,32,-0.556250,8
w74,0.1,64,90,87,27,3.122222,27,-0.551852,5
w74,0.1,65,90,87,31,3.118280,31,-0.449462,13
w74,0.1,66,90,87,34,3.111765,34,-0.826471,4
w74,0.1,67,90,87,29,3.139080,29,-0.871264,9
w74,0.1,68,90,87,29,3.088506,29,-0.756322,7
w74,0.1,69,90,87,24,3.150000,24,-0.904167,5
w74,0.1,70,90,87,28,3.128571,28,-0.753571,7
w74,0.1,71,90,87,29,3.127586,29,-0.958621,6
w74,0.1,72,90,87,30,3.131111,30,-0.825556,7
w74,0.1,73,90,87,34,3.128431,34,-0.630392,13
w74,0.1,74,90,87,29,3.106897,29,-0.744828,9
w74,0.1,75,90,87,28,3.110714,28,-0.507143,9
w74,0.1,76,90,87,31,3.113978,31,-0.769892,6
w74,0.1,77,90,87,27,3.138272,27,-0.920988,5
w74,0.1,78,90,87,26,3.098718,26,-0.916667,3
w74,0.1,79,90,87,32,3.123958,32,-0.366667,10
w74,0.1,80,90,87,33,3.088889,33,-0.308081,10
w74,0.1,81,90,87,32,3.075000,32,-0.403125,13
w74,0.25,42,90,87,31,3.163978,31,-0.763441,5
w74,0.25,43,90,87,33,3.138889,33,-0.542929,8
w74,0.25,44,90,87,43,3.176357,43,-0.695736,8
w74,0.25,45,90,87,42,3.156746,42,-0.289683,15
w74,0.25,46,90,87,36,3.187500,36,-0.854167,6
w74,0.25,47,90,87,34,3.171569,34,-0.313725,12
w74,0.25,48,90,87,36,3.150463,36,-0.363426,12
w74,0.25,49,90,87,30,3.191667,30,-0.858333,9
w74,0.25,50,90,87,35,3.169048,35,-0.345238,13
w74,0.25,51,90,87,32,3.148438,32,-0.148437,12
w74,0.25,52,90,87,41,3.176829,41,-0.853659,8
w74,0.25,53,90,87,33,3.189394,33,-0.189394,14
w74,0.25,54,90,87,38,3.175439,38,-0.304825,15
w74,0.25,55,90,87,40,3.118750,40,-0.362500,13
w74,0.25,56,90,87,35,3.180952,35,-0.569048,10
w74,0.25,57,90,87,37,3.171171,37,-0.653153,9
w74,0.25,58,90,87,34,3.149510,34,-0.541667,12
w74,0.25,59,90,87,39,3.185897,39,-0.705128,8
w74,0.25,60,90,87,32,3.184896,32,-0.588542,12
w74,0.25,61,90,87,33,3.171717,33,-0.199495,13
w74,0.25,62,90,87,31,3.153226,31,-0.532258,6
w74,0.25,63,90,87,27,3.172840,27,-0.864198,7
w74,0.25,64,90,87,31,3.163978,31,-0.513441,8
w74,0.25,65,90,87,37,3.177928,37,-0.274775,15
w74,0.25,66,90,87,37,3.150901,37,-0.768018,8
w74,0.25,67,90,87,35,3.145238,35,-0.197619,17
w74,0.25,68,90,87,28,3.148810,28,-0.297619,9
w74,0.25,69,90,87,35,3.209524,35,-0.804762,7
w74,0.25,70,90,87,31,3.166667,31,-0.502688,9
w74,0.25,71,90,87,31,3.180108,31,-0.602151,9
w74,0.25,72,90,87,26,3.144231,26,-0.423077,10
w74,0.25,73,90,87,37,3.184685,37,-0.815315,10
w74,0.25,74,90,87,30,3.138889,30,-0.536111,11
w74,0.25,75,90,87,27,3.151235,27,-0.219136,14
w74,0.25,76,90,87,37,3.159910,37,-0.792793,6
w74,0.25,77,90,87,25,3.166667,25,-0.153333,13
w74,0.25,78,90,87,28,3.148810,28,-0.699405,5
w74,0.25,79,90,87,30,3.166667,30,-0.558333,14
w74,0.25,80,90,87,26,3.157051,26,-0.592949,13
w74,0.25,81,90,87,30,3.144444,30,-0.538889,12
w74,0.5,42,90,87,27,3.302469,27,-0.567901,9
w74,0.5,43,90,87,35,3.257143,35,-0.200000,17
w74,0.5,44,90,87,32,3.312500,32,-0.718750,13
w74,0.5,45,90,87,36,3.236111,36,-0.180556,16
w74,0.5,46,90,87,37,3.283784,37,-0.689189,11
w74,0.5,47,90,87,32,3.260417,32,-0.052083,16
w74,0.5,48,90,87,34,3.269608,34,-0.450980,19
w74,0.5,49,90,87,24,3.250000,24,-0.208333,13
w74,0.5,50,90,87,42,3.277778,42,-0.531746,20
w74,0.5,51,90,87,31,3.268817,31,0.010753,13
w74,0.5,52,90,87,33,3.297980,33,-0.565657,17
w74,0.5,53,90,87,37,3.274775,37,-0.481982,12
w74,0.5,54,90,87,34,3.264706,34,-0.397059,11
w74,0.5,55,90,87,29,3.212644,29,-0.408046,13
w74,0.5,56,90,87,31,3.252688,31,-0.424731,12
w74,0.5,57,90,87,32,3.276042,32,-0.020833,21
w74,0.5,58,90,87,33,3.242424,33,-0.136364,20
w74,0.5,59,90,87,32,3.307292,32,-0.395833,14
w74,0.5,60,90,87,28,3.279762,28,-0.255952,18
w74,0.5,61,90,87,39,3.260684,39,-0.572650,16
w74,0.5,62,90,87,34,3.259804,34,-0.549020,11
w74,0.5,63,90,87,31,3.284946,31,-0.827957,12
w74,0.5,64,90,87,27,3.265432,27,-0.327160,11
w74,0.5,65,90,87,38,3.276316,38,-0.447368,15
w74,0.5,66,90,87,32,3.302083,32,-0.557292,13
w74,0.5,67,90,87,34,3.259804,34,-0.387255,15
w74,0.5,68,90,87,30,3.277778,30,-0.522222,12
w74,0.5,69,90,87,25,3.273333,25,-0.006667,15
w74,0.5,70,90,87,37,3.238739,37,-0.409910,17
w74,0.5,71,90,87,26,3.243590,26,-0.217949,16
w74,0.5,72,90,87,29,3.287356,29,-0.195402,15
w74,0.5,73,90,87,38,3.258772,38,-0.057018,20
w74,0.5,74,90,87,28,3.261905,28,-0.434524,14
w74,0.5,75,90,87,33,3.303030,33,-0.500000,17
w74,0.5,76,90,87,31,3.209677,31,-0.048387,15
w74,0.5,77,90,87,24,3.222222,24,-0.048611,17
w74,0.5,78,90,87,25,3.313333,25,-0.766667,8
w74,0.5,79,90,87,32,3.291667,32,-0.739583,10
w74,0.5,80,90,87,28,3.261905,28,-0.505952,16
w74,0.5,81,90,87,26,3.243590,26,0.128205,20
